"date","date_time","plot","treatment","spad1","spad2","spad3","height1","height2","height3","gr1","gr2","gr3","spad_r1","spad_r2","spad_r3"
2019-05-21,2019-05-21 09:33:00,"1","CT",24.8,28,23.1,10.1,11.5,10.4,0.555127216653816,0.111025443330763,0.666152659984579,NA,NA,NA
2019-05-21,2019-05-21 09:33:00,"2","PN",26.6,28.3,29.7,10.3,10,10.1,0.222222222222223,0.222222222222221,0.111111111111111,NA,NA,NA
2019-05-21,2019-05-21 09:34:00,"3","RM",24.5,24.1,26,11.4,11.1,9.9,0.444101773323054,0,0.444101773323054,NA,NA,NA
2019-05-21,2019-05-21 09:34:00,"4","CT",22.3,22.5,25.2,10.9,9.6,10.6,0,0,0.777777777777777,NA,NA,NA
2019-05-21,2019-05-21 09:35:00,"5","PN",27.1,23.4,25.3,9.8,10.1,9.4,0.222222222222223,0.111111111111111,0,NA,NA,NA
2019-05-21,2019-05-21 09:36:00,"6","RM",24.2,26.2,25.2,10.3,9.6,9.6,0.444101773323054,0,0,NA,NA,NA
2019-05-21,2019-05-21 09:36:00,"7","CT",25.3,24.9,28.6,8.9,10.8,8,0.333333333333334,0,0,NA,NA,NA
2019-05-21,2019-05-21 09:37:00,"8","PN",25,22.3,23.3,10.6,9.5,10.1,0.444444444444445,0,0,NA,NA,NA
2019-05-21,2019-05-21 09:38:00,"9","RM",22.7,31.7,24.2,11.3,9,11.6,0,0,0.444101773323054,NA,NA,NA
2019-05-28,2019-05-28 09:31:00,"1","CT",30.9,26.5,35,16.6,17.2,17.2,0.928755705497123,0.8144473109744,0.971621353443143,0.871601508235761,-0.214328239730105,1.7003373685255
2019-05-28,2019-05-28 09:31:00,"2","PN",29.9,28.2,33.3,17.3,18,16.7,1.00019845207382,1.14308394522723,0.943044254812463,0.471522127406231,-0.0142885493153405,0.514387775352252
2019-05-28,2019-05-28 09:32:00,"3","RM",30.9,33.2,33.1,18.9,18,15.7,1.07164119865053,0.985909902758484,0.82873586028974,0.914467156181782,1.30025798769597,1.01448700138916
2019-05-28,2019-05-28 09:32:00,"4","CT",33.2,31.2,28.1,16.3,15.3,18,0.771581663028379,0.8144473109744,1.05735264933519,1.5574518753721,1.24310379043461,0.41436793014487
2019-05-28,2019-05-28 09:33:00,"5","PN",27.4,28.4,28.2,16.2,15.9,13.7,0.914467156181782,0.82873586028974,0.614407620559635,0.0428656479460206,0.714427465767017,0.41436793014487
2019-05-28,2019-05-28 09:33:00,"6","RM",33.1,32.3,33.5,16.6,12.8,15.5,0.900267936885978,0.457278952069068,0.843108067877345,1.2718070854421,0.871688002381661,1.18606728192915
2019-05-28,2019-05-28 09:34:00,"7","CT",31.3,33.2,34.1,18.6,16.9,15.3,1.38598928358801,0.871601508235761,1.04306410001985,0.857312958920421,1.18594959317325,0.785870212343719
2019-05-28,2019-05-28 09:34:00,"8","PN",31.4,26.7,31.6,14.7,14.5,17.6,0.585888657338494,0.714498362607919,1.07174754391188,0.914557904138136,0.628758559094969,1.18606728192915
2019-05-28,2019-05-28 09:35:00,"9","RM",26.2,33.4,32.9,16.5,15.1,18.3,0.743078297112236,0.871688002381661,0.957427805894612,0.500148853825543,0.242929443286692,1.24322715093778
2019-06-04,2019-06-04 09:30:00,"1","CT",39.3,35.4,39.7,23.7,25.3,24.5,1.01438634785197,1.15725766445084,1.04296061117174,1.2001190594305,1.27155471772993,0.671495188014684
2019-06-04,2019-06-04 09:31:00,"2","PN",40.9,39.2,37.4,24.5,24.5,23.4,1.02857142857143,0.928571428571429,0.957142857142857,1.57142857142857,1.57142857142857,0.585714285714286
2019-06-04,2019-06-04 09:32:00,"3","RM",40.7,40.3,38.4,24.7,25.5,25,0.828571428571429,1.07142857142857,1.32857142857143,1.4,1.01428571428571,0.757142857142857
2019-06-04,2019-06-04 09:33:00,"4","CT",39.5,40,39.1,24.5,23.7,24.8,1.17131236980458,1.19988096419006,0.97133220910624,0.899910723142545,1.25701815296102,1.57127269120127
2019-06-04,2019-06-04 09:35:00,"5","PN",38.9,39.6,41.2,26.1,23.5,22.4,1.4140051577068,1.08549890894664,1.24261059313628,1.64253124380083,1.5996826026582,1.85677444951399
2019-06-04,2019-06-04 09:36:00,"6","RM",39.5,38.6,37.9,23.8,18.7,23.9,1.02826539720321,0.842606367152633,1.19964296340375,0.914013686402856,0.899732222552812,0.628384409401963
2019-06-04,2019-06-04 09:37:00,"7","CT",39.5,40,38.9,26.2,21.2,23.7,1.08539125260339,0.614102945551919,1.19964296340375,1.17108003570366,0.971139541803034,0.685510264802142
2019-06-04,2019-06-04 09:38:00,"8","PN",40.2,35.4,38.5,21.8,20.4,23.9,1.01388337961127,0.842522808409361,0.899642998809996,1.25664418881396,1.2423641412138,0.985323284410948
2019-06-04,2019-06-04 09:40:00,"9","RM",37.4,40.3,39.7,23.9,22.5,25.5,1.05661874070402,1.05661874070402,1.02806147744175,1.59920674268716,0.985225582548339,0.970946950917204
2019-06-11,2019-06-11 09:05:00,"1","CT",44,45.5,36.7,28.2,30.9,30.3,0.644455494778717,0.80198906016907,0.83063152660368,0.673097961213327,1.44644455494779,-0.429636996519145
2019-06-11,2019-06-11 09:05:00,"2","PN",45.6,43.9,43.1,29,30.4,31.3,0.644519594191367,0.845036801273125,1.13148995424707,0.673164909488761,0.67316490948876,0.816391485975732
2019-06-11,2019-06-11 09:06:00,"3","RM",46.1,44,45.8,28.5,29.7,29.6,0.544260990650487,0.601551621245275,0.658842251840064,0.77342351302964,0.529938333001791,1.05987666600358
2019-06-11,2019-06-11 09:07:00,"4","CT",42.9,46.2,47.3,31.7,29,30,1.03123135070619,0.759100855380943,0.744778197732246,0.486970360055699,0.888004774219217,1.17445792719316
2019-06-11,2019-06-11 09:08:00,"5","PN",44,36.9,45.9,30.4,28.9,28,0.615935541629364,0.773500447627574,0.802148612354521,0.730528200537153,-0.386750223813787,0.673231871083258
2019-06-11,2019-06-11 09:08:00,"6","RM",38.6,39.4,45.9,31.7,28.7,28.2,1.13171508157581,1.43255073617191,0.61599681655392,-0.128929566255471,0.114604058893752,1.14604058893752
2019-06-11,2019-06-11 09:09:00,"7","CT",35.7,38.7,38.3,31.8,31.3,29.4,0.802228412256268,1.44687624353363,0.816553919617986,-0.544369279745324,-0.186231595702347,-0.0859530441703146
2019-06-11,2019-06-11 09:10:00,"8","PN",43.4,41.7,42.1,28.6,28,31.1,0.974134500596896,1.08873855949065,1.03143653004377,0.458416235575009,0.902506963788302,0.515718265021886
2019-06-11,2019-06-11 09:11:00,"9","RM",43.9,39.8,43.3,28.1,29.6,30.8,0.601731171027759,1.01721221768978,0.759327430106457,0.931250621828674,-0.0716346632175903,0.515769575166649
2019-06-12,2019-06-12 09:16:00,"1","CT",34.4,37.9,38.9,30,31,31.9,1.78635423845624,0.099241902136459,1.58787043418332,-9.52722260509993,-7.54238456237078,2.18332184700206
2019-06-12,2019-06-12 09:17:00,"2","PN",36.6,43.8,44.9,30.5,30.4,31.6,1.48760330578512,0,0.297520661157026,-8.92561983471074,-0.0991735537190097,1.78512396694215
2019-06-12,2019-06-12 09:18:00,"3","RM",36.1,37.8,37.6,30.6,31.5,30.3,2.08264462809918,1.78512396694215,0.694214876033057,-9.91735537190083,-6.14876033057852,-8.13223140495867
2019-06-12,2019-06-12 09:19:00,"4","CT",43.6,34.6,36.6,31.8,30.3,31.5,0.0991735537190097,1.28925619834711,1.48760330578512,0.694214876033061,-11.504132231405,-10.6115702479339
2019-06-12,2019-06-12 09:20:00,"5","PN",38.3,40.2,37.3,32.4,30.6,29.7,1.98347107438017,1.68595041322314,1.68595041322314,-5.65289256198347,3.27272727272728,-8.52892561983471
2019-06-12,2019-06-12 09:21:00,"6","RM",39.5,39.5,37.5,33.1,29,31.1,1.38747419132829,0.297315898141776,2.87405368203717,0.891947694425326,0.0991052993805933,-8.32484514796972
2019-06-12,2019-06-12 09:22:00,"7","CT",44.7,42.1,41.1,34,31.9,31,2.18031658637302,0.594631796283549,1.58568479008947,8.91947694425327,3.36958017894012,2.77494838265658
2019-06-12,2019-06-12 09:23:00,"8","PN",36.9,41,40.7,30,28,31.4,1.38747419132829,0,0.297315898141773,-6.44184445973847,-0.693737095664146,-1.38747419132829
2019-06-12,2019-06-12 09:25:00,"9","RM",35.4,41.1,38.6,30.1,30.2,32.4,1.98074277854195,0.594222833562584,1.58459422283356,-8.4181568088033,1.28748280605227,-4.65474552957359
2019-06-13,2019-06-13 09:11:00,"1","CT",36.2,40.3,40.4,31.6,33,32.7,1.60557491289199,2.00696864111498,0.802787456445997,1.80627177700349,2.40836236933798,1.50522648083624
2019-06-13,2019-06-13 09:11:00,"2","PN",39.5,36.9,38,32.2,31.7,32,1.7071129707113,1.30543933054393,0.401673640167363,2.91213389121339,-6.92887029288703,-6.92887029288703
2019-06-13,2019-06-13 09:12:00,"3","RM",39.1,43.3,41.7,31.7,33.1,31.5,1.10460251046025,1.60669456066946,1.20502092050209,3.01255230125523,5.52301255230126,4.11715481171548
2019-06-13,2019-06-13 09:12:00,"4","CT",38.8,37.8,41.7,33.3,31.6,33,1.50732728541521,1.30635031402652,1.50732728541521,-4.82344731332869,3.21563154221912,5.12491277041172
2019-06-13,2019-06-13 09:13:00,"5","PN",43.2,41.2,39.1,33.5,31.4,30.5,1.10537334263782,0.803907885554777,0.803907885554781,4.92393579902303,1.00488485694348,1.80879274249826
2019-06-13,2019-06-13 09:14:00,"6","RM",40.5,40.9,40.9,33.6,29.2,32.9,0.502442428471738,0.200976971388694,1.80879274249825,1.00488485694348,1.40683879972086,3.41660851360781
2019-06-13,2019-06-13 09:14:00,"7","CT",39.1,42.3,40.7,34.8,32,31.7,0.804469273743014,0.100558659217879,0.703910614525139,-5.63128491620112,0.20111731843575,-0.402234636871507
2019-06-13,2019-06-13 09:15:00,"8","PN",36.1,38.4,37.3,32.1,30.5,31.8,2.11173184357542,2.51396648044693,0.402234636871511,-0.804469273743014,-2.61452513966481,-3.41899441340783
2019-06-13,2019-06-13 09:16:00,"9","RM",37.7,34.6,36.7,30.9,30.6,33.1,0.805031446540878,0.402515723270442,0.704402515723273,2.31446540880504,-6.54088050314465,-1.91194968553459
2019-06-14,2019-06-14 09:00:00,"1","CT",37.6,42.8,40.5,32.1,33.8,33.1,0.503848845346396,0.806158152554231,0.403079076277115,1.41077676696991,2.51924422673198,0.100769769069281
2019-06-14,2019-06-14 09:00:00,"2","PN",42.4,36.5,39.7,33.1,32.7,34.1,0.906927921623511,1.0076976906928,2.11616515045487,2.9223233030091,-0.403079076277115,1.71308607417775
2019-06-14,2019-06-14 09:01:00,"3","RM",41,41.1,41.9,32.6,34.1,32.1,0.906927921623515,1.00769769069279,0.604618614415677,1.9146256123163,-2.21693491952414,0.201539538138554
2019-06-14,2019-06-14 09:01:00,"4","CT",40.7,40.8,40.5,34.5,32.2,33.3,1.20923722883135,0.604618614415677,0.302309307207835,1.91462561231631,3.02309307207838,-1.20923722883135
2019-06-14,2019-06-14 09:02:00,"5","PN",43.9,41.3,39.2,34.1,31.4,30.8,0.604618614415677,0,0.302309307207838,0.70538838348495,0.100769769069273,0.100769769069281
2019-06-14,2019-06-14 09:02:00,"6","RM",42.8,41.8,42.2,33.7,31.7,33.8,0.100840336134455,2.52100840336134,0.907563025210083,2.31932773109243,0.907563025210083,1.3109243697479
2019-06-14,2019-06-14 09:03:00,"7","CT",40.7,42.4,41.8,35.1,34.4,31.9,0.302309307207842,2.4184744576627,0.201539538138558,1.61231630510847,0.100769769069281,1.10846745976207
2019-06-14,2019-06-14 09:03:00,"8","PN",38.4,39.9,40.9,33.2,31.8,34.7,1.10924369747899,1.3109243697479,2.92436974789916,2.31932773109243,1.51260504201681,3.63025210084034
2019-06-14,2019-06-14 09:04:00,"9","RM",35.3,34.7,39,31.3,32.7,33.6,0.403361344537817,2.11764705882353,0.504201680672269,-2.4201680672269,0.100840336134455,2.31932773109243
2019-06-15,2019-06-15 09:00:00,"1","CT",40.8,43.9,39.6,32.2,34.2,33.1,0.100000000000001,0.400000000000006,0,3.2,1.1,-0.899999999999999
2019-06-15,2019-06-15 09:00:00,"2","PN",43.7,37,41.4,33.5,33.5,35.1,0.399999999999999,0.799999999999997,1,1.3,0.5,1.7
2019-06-15,2019-06-15 09:01:00,"3","RM",41.3,44.7,42.3,32.8,34.5,32.3,0.199999999999996,0.399999999999999,0.199999999999996,0.299999999999997,3.6,0.399999999999999
2019-06-15,2019-06-15 09:01:00,"4","CT",42,40.1,43.2,35.2,32.6,33.6,0.700000000000003,0.399999999999999,0.300000000000004,1.3,-0.699999999999996,2.7
2019-06-15,2019-06-15 09:02:00,"5","PN",44.5,42.6,40,34.1,31.5,30.9,0,0.100000000000001,0.0999999999999979,0.600000000000001,1.3,0.799999999999997
2019-06-15,2019-06-15 09:03:00,"6","RM",41.6,43.2,44.4,35,32.7,34.1,1.29909784871617,0.99930603747398,0.299791811242197,-1.19916724496877,1.39902845246357,2.19847328244274
2019-06-15,2019-06-15 09:03:00,"7","CT",41.6,45.6,41.4,35,35.7,31.5,-0.100000000000001,1.3,-0.399999999999999,0.899999999999999,3.2,-0.399999999999999
2019-06-15,2019-06-15 09:04:00,"8","PN",41.5,42.5,43.6,34,32.5,35.7,0.799444829979178,0.699514226231783,0.999306037473977,3.09784871616933,2.59819569743234,2.69812630117974
2019-06-15,2019-06-15 09:05:00,"9","RM",40.1,37.2,40.1,31.4,33.7,33.7,0.0999306037473955,0.999306037473977,0.0999306037473991,4.79666897987509,2.49826509368494,1.09923664122138
2019-06-16,2019-06-16 09:04:00,"1","CT",37.6,44.2,40.9,32.5,34.2,33.8,0.299168975069249,0,0.698060941828251,-3.19113573407202,0.299168975069256,1.29639889196676
2019-06-16,2019-06-16 09:04:00,"2","PN",43.3,38.8,41.7,33.5,33.6,36.1,0,0.0997229916897521,0.997229916897507,-0.398891966759008,1.79501385041551,0.299168975069256
2019-06-16,2019-06-16 09:05:00,"3","RM",42.8,44.7,44.6,32.8,34.5,32.3,0,0,0,1.49584487534626,0,2.29362880886427
2019-06-16,2019-06-16 09:05:00,"4","CT",43.1,42.6,37.3,35.2,32.6,33.6,0,0,0,1.09695290858726,2.49307479224377,-5.8836565096953
2019-06-16,2019-06-16 09:06:00,"5","PN",40.6,41.7,39.8,34.2,33.2,32.9,0.0997229916897521,1.69529085872576,1.99445983379501,-3.88919667590028,-0.897506925207755,-0.199445983379504
2019-06-16,2019-06-16 09:07:00,"6","RM",41.4,43.8,43.4,36.6,33.3,34.2,1.59556786703601,0.598337950138498,0.0997229916897521,-0.199445983379504,0.598337950138498,-0.997229916897507
2019-06-16,2019-06-16 09:07:00,"7","CT",40.9,46.4,41.6,35.6,36.5,33.8,0.598337950138506,0.797783933518003,2.29362880886426,-0.698060941828258,0.797783933518003,0.199445983379504
2019-06-16,2019-06-16 09:08:00,"8","PN",40.9,45.2,43.7,34.2,32.9,36.3,0.199445983379504,0.398891966759001,0.598337950138498,-0.598337950138506,2.69252077562327,0.0997229916897521
2019-06-16,2019-06-16 09:09:00,"9","RM",37.2,37.8,35.9,33.1,34.4,35,1.69529085872576,0.698060941828251,1.29639889196676,-2.89196675900277,0.598337950138498,-4.18836565096953
2019-06-17,2019-06-17 08:51:00,"1","CT",37.6,39.5,41.2,34.6,34.5,35.1,2.11913104414856,0.302733006306935,1.31184302733007,0,-4.74281709880869,0.302733006306942
2019-06-17,2019-06-17 08:51:00,"2","PN",44.2,39.5,42.9,33.5,33.6,35.9,0,0,-0.201822004204628,0.908199018920819,0.706377014716191,1.21093202522775
2019-06-17,2019-06-17 08:52:00,"3","RM",42,46.3,41,35.1,34.5,32.6,2.32095304835319,0,0.302733006306942,-0.807288016818497,1.61457603363699,-3.63279607568325
2019-06-17,2019-06-17 08:52:00,"4","CT",42.3,41.6,40.7,35.1,33.1,36,-0.100911002102314,0.504555010511563,2.4218640504555,-0.807288016818505,-1.00911002102313,3.43097407147863
2019-06-17,2019-06-17 08:53:00,"5","PN",40.7,42.5,41.1,36.3,34.4,33.8,2.11913104414856,1.21093202522775,0.908199018920811,0.100911002102314,0.807288016818497,1.31184302733007
2019-06-17,2019-06-17 08:54:00,"6","RM",41.7,44.4,44.6,37.6,33.2,34.1,1.00911002102313,-0.100911002102307,-0.100911002102314,0.302733006306942,0.605466012613877,1.21093202522775
2019-06-17,2019-06-17 08:54:00,"7","CT",40.9,44.6,42.8,37.2,36.5,34.4,1.614576033637,0,0.605466012613877,0,-1.81639803784162,1.21093202522775
2019-06-17,2019-06-17 08:55:00,"8","PN",42.6,43.5,44,34.2,32.7,36.6,0,-0.201822004204621,0.302733006306942,1.71548703573932,-1.71548703573932,0.302733006306935
2019-06-17,2019-06-17 08:56:00,"9","RM",38,38.7,37.2,34.9,34.6,36.8,1.81639803784162,0.201822004204628,1.81639803784162,0.807288016818497,0.908199018920819,1.31184302733007
2019-06-18,2019-06-18 08:51:00,"1","CT",38.3,40.7,41.6,36.6,36.1,36.1,2,1.6,1,0.699999999999996,1.2,0.399999999999999
2019-06-18,2019-06-18 08:51:00,"2","PN",40.5,38.3,41.2,36.1,35,36,2.6,1.4,0.100000000000001,-3.7,-1.2,-1.7
2019-06-18,2019-06-18 08:52:00,"3","RM",41.3,42.7,43.1,37.1,36.6,34.5,2,2.1,1.9,-0.700000000000003,-3.59999999999999,2.1
2019-06-18,2019-06-18 08:52:00,"4","CT",41,40.3,38.9,36.1,35.1,37.7,1,2,1.7,-1.3,-1.3,-1.8
2019-06-18,2019-06-18 08:53:00,"5","PN",43.6,40.6,40.6,38,35.3,34.6,1.7,0.899999999999999,0.800000000000004,2.9,-1.9,-0.5
2019-06-18,2019-06-18 08:54:00,"6","RM",42.2,44.5,40.5,38.5,33.5,34.6,0.899999999999999,0.299999999999997,0.5,0.5,0.100000000000001,-4.1
2019-06-18,2019-06-18 08:54:00,"7","CT",41.2,46,42.9,38.6,36.6,35.4,1.4,0.100000000000001,1,0.300000000000004,1.4,0.100000000000001
2019-06-18,2019-06-18 08:55:00,"8","PN",41.3,40.5,43.5,34.2,34,36.7,0,1.3,0.100000000000001,-1.3,-3,-0.5
2019-06-18,2019-06-18 08:56:00,"9","RM",38.4,38.6,36.3,36.5,34.6,38.6,1.6,0,1.8,0.399999999999999,-0.100000000000001,-0.900000000000006
2019-06-19,2019-06-19 08:46:00,"1","CT",39.8,40,42.7,37.7,37.7,37,1.10383275261324,1.60557491289199,0.903135888501741,1.50522648083624,-0.702439024390247,1.10383275261324
2019-06-19,2019-06-19 08:46:00,"2","PN",42.2,40.7,40.6,37.7,37.5,36.4,1.60557491289199,2.50871080139373,0.401393728222995,1.70592334494774,2.40836236933798,-0.602090592334496
2019-06-19,2019-06-19 08:47:00,"3","RM",42.2,43.2,42.5,38.5,38.4,35.5,1.40487804878049,1.80627177700348,1.00348432055749,0.903135888501748,0.501742160278746,-0.602090592334496
2019-06-19,2019-06-19 08:47:00,"4","CT",40.9,43.2,40.5,38,36.2,38.8,1.90662020905923,1.10383275261324,1.10383275261323,-0.100348432055751,2.91010452961673,1.60557491289199
2019-06-19,2019-06-19 08:48:00,"5","PN",42.8,43.2,40.1,38.8,35.7,35,0.80278745644599,0.401393728223002,0.401393728222995,-0.802787456445997,2.60905923344948,-0.501742160278746
2019-06-19,2019-06-19 08:49:00,"6","RM",42.3,40.3,43.1,38.9,34,36.6,0.401393728222995,0.501742160278746,2.00696864111498,0.100348432055743,-4.21463414634147,2.60905923344948
2019-06-19,2019-06-19 08:49:00,"7","CT",42.5,44.4,43.7,39.1,36.6,35.6,0.501742160278746,0,0.200696864111501,1.30452961672474,-1.60557491289199,0.802787456445997
2019-06-19,2019-06-19 08:50:00,"8","PN",39.8,41.1,40.2,36.2,36,36.8,2.00696864111498,2.00696864111498,0.100348432055743,-1.50522648083624,0.602090592334496,-3.31149825783972
2019-06-19,2019-06-19 08:51:00,"9","RM",40.1,38,40.2,37.5,35,39.4,1.00348432055749,0.401393728222995,0.80278745644599,1.70592334494774,-0.602090592334496,3.91358885017422
2019-06-20,2019-06-20 08:28:00,"1","CT",40.7,42.6,43.3,38.5,39,37.2,0.810126582278478,1.31645569620253,0.202531645569623,0.911392405063297,2.63291139240506,0.607594936708855
2019-06-20,2019-06-20 08:28:00,"2","PN",43.4,41.2,41.4,38.6,38.8,39.4,0.91139240506329,1.31645569620253,3.0379746835443,1.21518987341772,0.506329113924051,0.810126582278478
2019-06-20,2019-06-20 08:29:00,"3","RM",43.8,45.1,41.4,39.3,39.5,36.2,0.810126582278478,1.11392405063291,0.708860759493674,1.62025316455696,1.92405063291139,-1.11392405063291
2019-06-20,2019-06-20 08:29:00,"4","CT",41.5,42.6,42.6,39.5,36.7,39.5,1.51898734177215,0.506329113924051,0.708860759493674,0.607594936708862,-0.607594936708862,2.12658227848101
2019-06-20,2019-06-20 08:30:00,"5","PN",43.2,42.8,41.7,39.1,35.9,35.1,0.303797468354435,0.202531645569616,0.101265822784812,0.405063291139246,-0.405063291139246,1.62025316455696
2019-06-20,2019-06-20 08:31:00,"6","RM",44.4,42.6,42.5,39,36.1,37.7,0.101265822784812,2.12658227848101,1.11392405063291,2.12658227848101,2.32911392405064,-0.607594936708862
2019-06-20,2019-06-20 08:31:00,"7","CT",43.3,41.8,42.4,39.2,39,35.6,0.101265822784812,2.43037974683544,0,0.810126582278478,-2.63291139240506,-1.31645569620254
2019-06-20,2019-06-20 08:32:00,"8","PN",42.5,43.8,41.4,37.3,37,39.7,1.11392405063291,1.0126582278481,2.9367088607595,2.73417721518988,2.73417721518987,1.21518987341772
2019-06-20,2019-06-20 08:33:00,"9","RM",40.9,40.7,40.8,38.1,38,39.8,0.607594936708862,3.0379746835443,0.405063291139239,0.810126582278478,2.73417721518988,0.607594936708855
2019-06-21,2019-06-21 08:23:00,"1","CT",43.1,42.6,42.3,38.6,39.2,37.2,0.100348432055751,0.200696864111501,0,2.40836236933798,0,-1.00348432055749
2019-06-21,2019-06-21 08:24:00,"2","PN",45,43.8,43.8,39.1,39.5,40.6,0.501392757660167,0.701949860724237,1.2033426183844,1.60445682451254,2.60724233983286,2.4066852367688
2019-06-21,2019-06-21 08:26:00,"3","RM",43.5,45.6,45.7,39.5,40.1,36.4,0.20041753653445,0.601252609603342,0.200417536534442,-0.300626304801667,0.501043841336117,4.30897703549061
2019-06-21,2019-06-21 08:27:00,"4","CT",42.8,44.9,44.4,39.9,37,39.6,0.400556328233657,0.300417246175241,0.100139082058416,1.30180806675939,2.30319888734353,1.80250347705146
2019-06-21,2019-06-21 08:29:00,"5","PN",45.1,41.9,42.4,39.1,36.9,36.8,0,1.00069492703266,1.70118137595552,1.90132036136206,-0.900625434329394,0.700486448922859
2019-06-21,2019-06-21 08:31:00,"6","RM",40.9,44.2,43.4,40.7,37,37.9,1.7,0.899999999999999,0.199999999999996,-3.5,1.6,0.899999999999999
2019-06-21,2019-06-21 08:32:00,"7","CT",43.7,42.8,43.6,39.3,40.3,37.3,0.099930603747392,1.29909784871617,1.69882026370576,0.399722414989596,0.999306037473977,1.19916724496877
2019-06-21,2019-06-21 08:34:00,"8","PN",44.1,44,42.1,37.9,37.3,41,0.599167822468795,0.299583911234394,1.29819694868238,1.59778085991678,0.199722607489601,0.699029126213595
2019-06-21,2019-06-21 08:36:00,"9","RM",43.3,41.1,41.7,38.2,39.3,40,0.0997920997921012,1.29729729729729,0.199584199584202,2.39501039501039,0.399168399168398,0.898128898128904
2019-06-22,2019-06-22 08:48:00,"1","CT",42.3,44.5,43.1,39.5,39.5,39.8,0.884641638225255,0.294880546075083,2.5556313993174,-0.786348122866898,1.86757679180887,0.786348122866898
2019-06-22,2019-06-22 08:48:00,"2","PN",43.1,44.8,43.7,39.1,39.5,41,0,0,0.393442622950818,-1.86885245901639,0.983606557377049,-0.0983606557376993
2019-06-22,2019-06-22 08:49:00,"3","RM",46.4,46.3,42.3,39.5,40.1,37.2,0,0,0.787423103212581,2.85440874914559,0.688995215311,-3.34654818865346
2019-06-22,2019-06-22 08:50:00,"4","CT",43.5,40.7,43,39.9,38.3,40,0,1.27956254272043,0.393711551606287,0.688995215311007,-4.13397129186602,-1.37799043062201
2019-06-22,2019-06-22 08:51:00,"5","PN",42.9,41.4,42.6,41.6,39.2,38.4,2.46238030095759,2.26538987688099,1.57592339261286,-2.16689466484268,-0.492476060191519,0.19699042407661
2019-06-22,2019-06-22 08:52:00,"6","RM",42.8,45.1,43.8,43.2,37.1,37.9,2.46406570841889,0.098562628336757,0,1.87268993839836,0.887063655030799,0.394250513347021
2019-06-22,2019-06-22 08:53:00,"7","CT",42.5,42.5,44.6,41.6,40.7,39.1,2.26694045174538,0.394250513347028,1.77412731006161,-1.18275154004107,-0.295687885010264,0.985626283367556
2019-06-22,2019-06-22 08:54:00,"8","PN",44,45,44.3,38,37.2,41.4,0.0986301369863028,-0.0986301369862958,0.394520547945204,-0.0986301369863028,0.986301369863014,2.16986301369863
2019-06-22,2019-06-22 08:55:00,"9","RM",41.2,41,42.1,40.3,40,40.8,2.0726525017135,0.690884167237837,0.789581905414665,-2.0726525017135,-0.0986977381768348,0.394790952707332
2019-06-23,2019-06-23 08:24:00,"1","CT",42.1,43.3,42.6,42.4,42.2,41.4,2.94915254237288,2.74576271186441,1.6271186440678,-0.20338983050847,-1.22033898305085,-0.508474576271186
2019-06-23,2019-06-23 08:24:00,"2","PN",41.8,43.4,44.2,40.7,40.6,41.1,1.6271186440678,1.11864406779661,0.101694915254239,-1.32203389830509,-1.42372881355932,0.508474576271186
2019-06-23,2019-06-23 08:25:00,"3","RM",43.9,46.8,41.8,42.2,40.4,40.1,2.74576271186441,0.305084745762709,2.94915254237288,-2.54237288135593,0.508474576271186,-0.508474576271186
2019-06-23,2019-06-23 08:26:00,"4","CT",44.3,42.1,43.6,41.8,40.8,42.9,1.93220338983051,2.54237288135593,2.94915254237288,0.813559322033895,1.42372881355932,0.610169491525425
2019-06-23,2019-06-23 08:27:00,"5","PN",43,44.3,42.5,43.1,40.2,39.7,1.52542372881356,1.01694915254237,1.32203389830509,0.101694915254239,2.94915254237288,-0.101694915254239
2019-06-23,2019-06-23 08:27:00,"6","RM",42.1,44.7,44.2,44.5,37.1,39.9,1.32296819787986,0,2.03533568904594,-0.712367491166073,-0.407067137809186,0.407067137809193
2019-06-23,2019-06-23 08:28:00,"7","CT",44.9,43.5,45.6,43.5,40.8,40,1.93356890459364,0.101766784452291,0.91590106007067,2.44240282685512,1.01766784452297,1.01766784452297
2019-06-23,2019-06-23 08:29:00,"8","PN",41.1,40.9,44.5,39.1,39.4,41.4,1.11943462897527,2.23886925795053,0,-2.95123674911661,-4.17243816254417,0.203533568904597
2019-06-23,2019-06-23 08:30:00,"9","RM",42.8,42.8,43.9,43,40,43.8,2.74770318021202,0,3.0530035335689,1.62826855123674,1.83180212014134,1.83180212014134
2019-06-24,2019-06-24 08:16:00,"1","CT",44.2,44.4,44.4,43.9,44.7,42.5,1.50837988826816,2.51396648044693,1.10614525139665,2.11173184357542,1.10614525139665,1.81005586592178
2019-06-24,2019-06-24 08:16:00,"2","PN",44.3,44.9,43,41.5,43.5,42,0.804469273743014,2.91620111731843,0.905027932960892,2.51396648044693,1.50837988826816,-1.20670391061453
2019-06-24,2019-06-24 08:17:00,"3","RM",45.9,44.3,43.2,44.2,43.2,41.7,2.01117318435754,2.81564245810056,1.60893854748603,2.01117318435754,-2.51396648044693,1.40782122905028
2019-06-24,2019-06-24 08:18:00,"4","CT",47.1,44.8,44.9,44,42.5,44,2.2122905027933,1.70949720670391,1.10614525139665,2.81564245810056,2.71508379888268,1.3072625698324
2019-06-24,2019-06-24 08:19:00,"5","PN",45,45.2,45.6,44.2,40.4,40.3,1.10614525139665,0.20111731843575,0.603351955307257,2.01117318435754,0.9050279329609,3.11731843575419
2019-06-24,2019-06-24 08:20:00,"6","RM",46.3,43.2,45.6,45.1,39.3,42.1,0.602930914166087,2.21074668527564,2.21074668527565,4.22051639916259,-1.50732728541521,1.40683879972086
2019-06-24,2019-06-24 08:21:00,"7","CT",44.8,44.4,47.2,44.6,40.9,40.2,1.10537334263782,0.100488485694349,0.200976971388698,-0.100488485694349,0.904396371249126,1.60781577110956
2019-06-24,2019-06-24 08:22:00,"8","PN",43,43.6,42.8,42.5,41.6,41.8,3.41660851360781,2.21074668527565,0.401953942777389,1.9092812281926,2.71318911374739,-1.70830425680391
2019-06-24,2019-06-24 08:23:00,"9","RM",41.2,43.4,44.3,44.4,40.1,44.9,1.40683879972086,0.100488485694349,1.10537334263782,-1.60781577110955,0.602930914166087,0.401953942777389
2019-06-25,2019-06-25 08:23:00,"1","CT",43.7,44.6,42.8,45,46,43,1.09467864547339,1.29371112646855,0.497581202487906,-0.497581202487906,0.199032480995165,-1.5922598479613
2019-06-25,2019-06-25 08:23:00,"2","PN",43.2,45.4,44.2,43.6,44.9,45,2.08984105044921,1.39322736696614,2.98548721492744,-1.09467864547339,0.497581202487906,1.19419488597098
2019-06-25,2019-06-25 08:24:00,"3","RM",43.5,46.6,44.2,45.4,44.4,42.5,1.19419488597097,1.19419488597097,0.796129923980647,-2.38838977194195,2.28887353144437,0.995162404975812
2019-06-25,2019-06-25 08:25:00,"4","CT",47.7,45.8,43.7,45.4,43.2,45.7,1.39322736696614,0.696613683483071,1.69177608845888,0.597097442985489,0.995162404975812,-1.19419488597097
2019-06-25,2019-06-25 08:26:00,"5","PN",45.7,43.8,44.8,44.7,40.4,40.4,0.497581202487906,0,0.0995162404975826,0.696613683483071,-1.39322736696614,-0.796129923980654
2019-06-25,2019-06-25 08:27:00,"6","RM",43.9,44.9,46.5,45.3,41.6,42.8,0.199032480995158,2.28887353144437,0.696613683483064,-2.38838977194195,1.69177608845888,0.895646164478229
2019-06-25,2019-06-25 08:28:00,"7","CT",45.3,44.6,47.2,44.7,43.1,40.1,0.0995162404975826,2.18935729094679,-0.0995162404975826,0.497581202487906,0.199032480995165,0
2019-06-25,2019-06-25 08:29:00,"8","PN",43.6,43.6,44.8,44.1,41.3,44.6,1.5922598479613,-0.298548721492748,2.78645473393228,0.597097442985489,0,1.99032480995162
2019-06-25,2019-06-25 08:30:00,"9","RM",42.6,42.6,44.8,45.3,42,45.8,0.895646164478229,1.89080856945404,0.895646164478229,1.39322736696614,-0.796129923980647,0.497581202487906
2019-06-26,2019-06-26 08:28:00,"1","CT",43.9,45.6,46.3,45,46.8,43.1,0,0.797231833910032,0.0996539792387558,0.199307958477504,0.996539792387543,3.4878892733564
2019-06-26,2019-06-26 08:29:00,"2","PN",43.9,44.2,44.5,44.2,45.6,47.1,0.597510373443985,0.69709543568465,2.09128630705394,0.697095435684643,-1.19502074688796,0.298755186721989
2019-06-26,2019-06-26 08:30:00,"3","RM",44.9,45.3,43.7,45.7,45.3,43.1,0.298755186721996,0.896265560165974,0.597510373443985,1.39419087136929,-1.29460580912863,-0.49792531120332
2019-06-26,2019-06-26 08:31:00,"4","CT",46.8,44.3,45.3,45.7,43.6,45.7,0.298755186721996,0.398340248962654,0,-0.896265560165981,-1.49377593360996,1.59336099585062
2019-06-26,2019-06-26 08:32:00,"5","PN",45.4,44.7,42.9,44.8,42.6,43.8,0.0995850622406582,2.19087136929461,3.38589211618257,-0.298755186721996,0.896265560165981,-1.89211618257261
2019-06-26,2019-06-26 08:33:00,"6","RM",44.9,44.9,46,45.3,42.2,43.9,0,0.597510373443985,1.0954356846473,0.995850622406639,0,-0.49792531120332
2019-06-26,2019-06-26 08:34:00,"7","CT",45,45.3,42.8,44.7,44.7,43.6,0,1.59336099585062,3.48547717842324,-0.298755186721989,0.697095435684643,-4.38174273858922
2019-06-26,2019-06-26 08:35:00,"8","PN",43.9,43.5,45.1,45.3,42.6,46.5,1.19502074688796,1.29460580912863,1.89211618257261,0.298755186721989,-0.0995850622406653,0.298755186721996
2019-06-26,2019-06-26 08:36:00,"9","RM",42,43.2,45.6,46,44.6,45.9,0.69709543568465,2.58921161825726,0.0995850622406653,-0.597510373443985,0.597510373443985,0.796680497925315
2019-06-27,2019-06-27 08:27:00,"1","CT",40.4,46.8,44.5,46.3,46.7,47.1,1.30090340514246,-0.10006949270326,4.00277970813065,-3.50243224461432,1.20083391243919,-1.80125086865879
2019-06-27,2019-06-27 08:28:00,"2","PN",46.7,46.9,46.6,44.3,46.3,48.6,0.10006949270326,0.700486448922859,1.50104239054899,2.80194579569146,2.70187630298818,2.10145934676859
2019-06-27,2019-06-27 08:30:00,"3","RM",47,46.1,45.6,46,46.5,43.2,0.299999999999997,1.2,0.100000000000001,2.1,0.800000000000004,1.9
2019-06-27,2019-06-27 08:31:00,"4","CT",48,44.2,41.4,46.2,43.6,46,0.5,0,0.299999999999997,1.2,-0.0999999999999943,-3.9
2019-06-27,2019-06-27 08:33:00,"5","PN",43.9,46.5,45.1,49.1,45.9,47.3,4.2970159611381,3.29770992366412,3.49757113115892,-1.49895905621096,1.79875086745315,2.19847328244275
2019-06-27,2019-06-27 08:34:00,"6","RM",43.1,45.2,46.2,49.3,42.9,44.1,3.99722414989591,0.699514226231779,0.199861207494798,-1.79875086745315,0.299791811242197,0.199861207494798
2019-06-27,2019-06-27 08:36:00,"7","CT",44.6,45,43.7,47.1,45.3,46.7,2.39667128987517,0.599167822468788,3.09570041608877,-0.399445214979194,-0.299583911234394,0.898751733703196
2019-06-27,2019-06-27 08:37:00,"8","PN",44.6,42.3,46.2,45.7,42.8,47.8,0.399445214979201,0.199722607489594,1.29819694868238,0.699029126213595,-1.19833564493759,1.09847434119279
2019-06-27,2019-06-27 08:39:00,"9","RM",44,44.4,45.3,46,46,46,0,1.3970893970894,0.0997920997921012,1.995841995842,1.19750519750519,-0.299376299376304
2019-06-28,2019-06-28 08:35:00,"1","CT",44.6,44.5,44.2,51.1,50.5,51.4,4.77348066298343,3.77900552486188,4.27624309392265,4.1767955801105,-2.28729281767956,-0.298342541436461
2019-06-28,2019-06-28 08:36:00,"2","PN",42,47.1,47.3,47,46.3,49.5,2.68508287292818,0,0.895027624309391,-4.67403314917127,0.198895027624312,0.696132596685079
2019-06-28,2019-06-28 08:37:00,"3","RM",44,47.8,40.4,49.9,46.5,47.7,3.88113337940567,0,4.47823082239115,-2.98548721492744,1.69177608845888,-5.17484450587422
2019-06-28,2019-06-28 08:38:00,"4","CT",42.4,45,43.1,50,47.9,50.9,3.78161713890808,4.27919834139599,4.87629578438148,-5.57290946786455,0.796129923980647,1.69177608845888
2019-06-28,2019-06-28 08:39:00,"5","PN",45.1,48.1,47,53.2,47.5,50,4.08298755186722,1.59336099585062,2.68879668049793,1.19502074688797,1.59336099585062,1.89211618257261
2019-06-28,2019-06-28 08:40:00,"6","RM",46.3,46.7,44.5,52.3,45.4,45.6,2.98755186721992,2.4896265560166,1.49377593360996,3.18672199170124,1.49377593360996,-1.69294605809129
2019-06-28,2019-06-28 08:41:00,"7","CT",46.5,47.6,43.7,51.6,45.6,48.2,4.48442906574394,0.298961937716267,1.49480968858132,1.89342560553633,2.59100346020761,0
2019-06-28,2019-06-28 08:42:00,"8","PN",46.4,46.2,47.4,46.6,47.9,49.3,0.896885813148788,5.08235294117647,1.49480968858132,1.79377162629758,3.88650519031142,1.19584775086505
2019-06-28,2019-06-28 08:44:00,"9","RM",46.8,45.8,44.3,51.7,48.2,50.3,5.680276816609,2.1923875432526,4.28512110726643,2.79031141868512,1.39515570934256,-0.996539792387543
2019-06-29,2019-06-29 08:33:00,"1","CT",46,45.7,47.1,55.7,55.7,53.9,4.60639777468707,5.20723226703756,2.50347705146036,1.4019471488178,1.20166898470098,2.90403337969402
2019-06-29,2019-06-29 08:34:00,"2","PN",42,44.6,47.9,52.3,50.2,49.6,5.30737134909596,3.90542420027817,0.100139082058416,0,-2.50347705146036,0.600834492350488
2019-06-29,2019-06-29 08:36:00,"3","RM",42.6,43.8,43.9,56.1,50.1,53.2,6.2043085476025,3.60250173731758,5.50382209867964,-1.40097289784572,-4.00277970813065,3.50243224461432
2019-06-29,2019-06-29 08:37:00,"4","CT",44.4,45.2,45.8,55.5,52.7,54.6,5.50382209867964,4.80333564975678,3.70257123002085,2.00138985406532,0.200138985406535,2.70187630298818
2019-06-29,2019-06-29 08:39:00,"5","PN",46.5,47.2,48.1,55.3,48.5,51.5,2.09999999999999,1,1.5,1.4,-0.899999999999999,1.1
2019-06-29,2019-06-29 08:40:00,"6","RM",47.4,44.6,44.5,54.3,49,51.1,2,3.6,5.5,1.1,-2.1,0
2019-06-29,2019-06-29 08:42:00,"7","CT",47.7,43.9,47.3,54.8,47.6,49.6,3.19777931991672,1.99861207494795,1.39902845246357,1.19916724496877,-3.69743233865372,3.59750173490631
2019-06-29,2019-06-29 08:43:00,"8","PN",42.8,46.4,46.7,51.6,52.2,52.3,4.99653018736988,4.2970159611381,2.99791811242193,-3.59750173490632,0.199861207494791,-0.699514226231779
2019-06-29,2019-06-29 08:45:00,"9","RM",47.8,46.5,45.1,55.3,48,55.1,3.59750173490631,-0.199861207494798,4.79666897987509,0.999306037473977,0.699514226231786,0.799444829979185
2019-06-30,2019-06-30 08:37:00,"1","CT",44.9,46.9,46.4,58.7,59.6,56.1,2.99168975069252,3.88919667590028,2.19390581717452,-1.09695290858726,1.196675900277,-0.698060941828258
2019-06-30,2019-06-30 08:39:00,"2","PN",47,45.3,43.5,54.9,54.2,54.2,2.59100346020761,3.98615916955017,4.5840830449827,4.98269896193772,0.697577854671276,-4.38477508650519
2019-06-30,2019-06-30 08:42:00,"3","RM",46.1,46.8,46.4,58.9,55.7,56.8,2.78838174273859,5.57676348547718,3.58506224066389,3.48547717842324,2.98755186721992,2.4896265560166
2019-06-30,2019-06-30 08:45:00,"4","CT",45.8,45.3,48,59.1,55.6,56.8,3.58011049723757,2.88397790055248,2.1878453038674,1.39226519337016,0.099447513812149,2.18784530386741
2019-06-30,2019-06-30 08:48:00,"5","PN",46.5,47.3,47.6,57,51.6,51.9,1.68944099378882,3.08074534161491,0.397515527950309,0,0.099378881987572,-0.496894409937888
2019-06-30,2019-06-30 08:51:00,"6","RM",46.2,42.9,45,55.2,53.9,55.7,0.893177119228124,4.86285320468642,4.56512749827705,-1.19090282563749,-1.68711233631978,0.496209510682288
2019-06-30,2019-06-30 08:54:00,"7","CT",47.1,43,42.9,57,53.1,51.4,2.18181818181818,5.45454545454546,1.78512396694215,-0.595041322314051,-0.892561983471073,-4.36363636363636
2019-06-30,2019-06-30 08:57:00,"8","PN",46.4,44.1,45.1,57.5,54.5,55.6,5.84319119669876,2.27785419532324,3.26822558459423,3.56533700137552,-2.27785419532324,-1.58459422283356
2019-06-30,2019-06-30 09:00:00,"9","RM",44.7,44,44.1,59,51.8,57,3.6618556701031,3.76082474226804,1.88041237113402,-3.0680412371134,-2.47422680412371,-0.989690721649484
2019-07-01,2019-07-01 08:30:00,"1","CT",44.5,46.3,45.5,60.3,61.6,58.7,1.60781577110955,2.00976971388695,2.61270062805304,-0.401953942777389,-0.602930914166087,-0.904396371249126
2019-07-01,2019-07-01 08:37:00,"2","PN",48.4,46.8,46.2,57.6,57.2,59.6,2.70375521557719,3.00417246175243,5.40751043115438,1.4019471488178,1.50208623087622,2.70375521557719
2019-07-01,2019-07-01 08:33:00,"3","RM",47.3,47.6,48.3,62.1,58.7,59.6,3.22012578616352,3.0188679245283,2.81761006289309,1.20754716981132,0.805031446540885,1.91194968553459
2019-07-01,2019-07-01 08:31:00,"4","CT",47,47.4,45.1,61,56.9,58.9,1.91865357643759,1.31276297335203,2.12061711079944,1.21178120617111,2.12061711079944,-2.92847124824684
2019-07-01,2019-07-01 08:38:00,"5","PN",48.8,46.1,45,59.3,53.8,54.4,2.31608391608391,2.21538461538461,2.51748251748252,2.31608391608391,-1.2083916083916,-2.61818181818182
2019-07-01,2019-07-01 08:35:00,"6","RM",45,47.1,46.8,57,57.3,58.9,1.82022471910112,3.43820224719101,3.23595505617977,-1.21348314606742,4.24719101123596,1.82022471910112
2019-07-01,2019-07-01 08:32:00,"7","CT",48.2,50,45.3,58.1,57.1,55.2,1.11706629055007,4.06205923836389,3.8589562764457,1.11706629055007,7.10860366713681,2.43723554301833
2019-07-01,2019-07-01 08:40:00,"8","PN",47.5,48.2,46.8,60.7,57.4,60.4,3.23822909346451,2.93464511595221,4.85734364019677,1.11314125087843,4.14898102600141,1.72030920590302
2019-07-01,2019-07-01 08:36:00,"9","RM",50.1,46.5,47.6,61.1,57,60.2,2.13559322033898,5.28813559322034,3.2542372881356,5.49152542372881,2.54237288135593,3.5593220338983
2019-07-02,2019-07-02 08:22:00,"1","CT",45.7,47.3,43.5,61.6,62.3,60.6,1.30726256983241,0.703910614525135,1.91061452513966,1.20670391061453,1.00558659217877,-2.01117318435754
2019-07-02,2019-07-02 08:30:00,"2","PN",47.6,49,47.1,61.5,59.2,62.6,3.91905094207955,2.00976971388695,3.01465457083043,-0.803907885554777,2.21074668527565,0.904396371249126
2019-07-02,2019-07-02 08:26:00,"3","RM",47.2,47.3,42.3,63.8,60.5,60.8,1.7083042568039,1.80879274249825,1.20586182833217,-0.100488485694342,-0.301465457083047,-6.02930914166085
2019-07-02,2019-07-02 08:23:00,"4","CT",46,46.5,46.6,61.8,57.8,61.4,0.804469273743014,0.905027932960892,2.51396648044693,-1.00558659217877,-0.905027932960892,1.50837988826816
2019-07-02,2019-07-02 08:31:00,"5","PN",48.3,47.5,43.9,60.3,57.2,57.2,1.00488485694348,3.41660851360782,2.81367759944173,-0.502442428471738,1.40683879972086,-1.10537334263782
2019-07-02,2019-07-02 08:27:00,"6","RM",45.7,47.7,48.3,60,58.1,60.6,3.01675977653631,0.804469273743021,1.70949720670391,0.703910614525142,0.603351955307264,1.50837988826816
2019-07-02,2019-07-02 08:24:00,"7","CT",45.2,48.6,46.7,59.3,57.9,56.8,1.20670391061452,0.804469273743014,1.60893854748603,-3.01675977653631,-1.40782122905028,1.40782122905028
2019-07-02,2019-07-02 08:33:00,"8","PN",47.6,47.5,45.9,62.7,57.4,63.1,2.00976971388695,0,2.71318911374739,0.100488485694349,-0.703419399860436,-0.904396371249126
2019-07-02,2019-07-02 08:29:00,"9","RM",48.7,47.5,47.1,62,61.1,60.7,0.904396371249126,4.12002791346825,0.502442428471738,-1.40683879972086,1.00488485694348,-0.502442428471738
2019-07-03,2019-07-03 08:16:00,"1","CT",45.7,46.6,44.5,61.6,63,62.9,0,0.70292887029289,2.30962343096234,0,-0.702928870292883,1.00418410041841
2019-07-03,2019-07-03 08:26:00,"2","PN",42.2,46.3,47.1,64.7,60.3,64.7,3.20891364902507,1.10306406685236,2.1058495821727,-5.4150417827298,-2.70752089136491,0
2019-07-03,2019-07-03 08:21:00,"3","RM",47.2,44.6,42.8,64.1,62.6,64.1,0.301045296167245,2.10731707317073,3.31149825783972,0,-2.70940766550522,0.501742160278746
2019-07-03,2019-07-03 08:17:00,"4","CT",45.1,44.5,45.8,64.1,59.9,63.9,2.30962343096234,2.10878661087866,2.51046025104603,-0.903765690376568,-2.00836820083682,-0.803347280334732
2019-07-03,2019-07-03 08:28:00,"5","PN",46.9,47.6,43.1,62.2,61.1,61.5,1.90396659707725,3.90814196242171,4.3089770354906,-1.40292275574113,0.100208768267225,-0.801670146137784
2019-07-03,2019-07-03 08:23:00,"6","RM",45.1,48.2,48.3,63.1,60,62,3.10863509749304,1.90529247910863,1.40389972144847,-0.601671309192202,0.501392757660167,0
2019-07-03,2019-07-03 08:19:00,"7","CT",45.4,47.8,48.9,61.7,59.3,60.7,2.40836236933798,1.40487804878049,3.91358885017422,0.200696864111494,-0.802787456445997,2.20766550522648
2019-07-03,2019-07-03 08:30:00,"8","PN",47.8,48,48.1,64,58.1,65.1,1.3027139874739,0.701461377870567,2.00417536534446,0.200417536534442,0.501043841336117,2.20459290187892
2019-07-03,2019-07-03 08:25:00,"9","RM",47.1,48.3,45.8,63.1,63.1,62,1.10306406685237,2.00557103064067,1.30362116991643,-1.60445682451254,0.802228412256265,-1.30362116991644
2019-07-04,2019-07-04 08:25:00,"1","CT",42.4,46.4,46,63.1,64.7,65.4,1.49068322981366,1.68944099378882,2.48447204968945,-3.27950310559007,-0.198757763975158,1.49068322981366
2019-07-04,2019-07-04 08:32:00,"2","PN",42.9,43.4,47.4,67.2,63.8,65.8,2.4896265560166,3.48547717842324,1.0954356846473,0.697095435684643,-2.88796680497925,0.298755186721989
2019-07-04,2019-07-04 08:28:00,"3","RM",43.6,47,44.8,64.3,64.5,66.3,0.199032480995165,1.89080856945404,2.18935729094679,-3.58258465791292,2.38838977194195,1.99032480995162
2019-07-04,2019-07-04 08:26:00,"4","CT",46.1,45,45.4,66,62,64.9,1.88819875776398,2.08695652173913,0.993788819875784,0.993788819875776,0.496894409937888,-0.397515527950309
2019-07-04,2019-07-04 08:33:00,"5","PN",46.7,47.6,45.8,67,63.2,65,4.78339100346021,2.09273356401384,3.4878892733564,-0.199307958477504,0,2.69065743944636
2019-07-04,2019-07-04 08:30:00,"6","RM",46.4,42.4,45.5,67.9,62,63,4.7767795438839,1.99032480995162,0.995162404975812,1.29371112646855,-5.77194194885971,-2.78645473393227
2019-07-04,2019-07-04 08:27:00,"7","CT",45.1,45.3,48.2,64.5,60.4,62.5,2.78453038674033,1.0939226519337,1.79005524861878,-0.298342541436461,-2.48618784530387,-0.696132596685079
2019-07-04,2019-07-04 08:35:00,"8","PN",42.4,44.1,45.1,65.9,62.5,66.7,1.89342560553634,4.38477508650519,1.59446366782008,-5.38131487889273,-3.88650519031142,-2.98961937716263
2019-07-04,2019-07-04 08:31:00,"9","RM",46.3,48.2,47.1,66.7,64.8,64.4,3.5850622406639,1.69294605809128,2.39004149377594,-0.796680497925315,-0.0995850622406582,1.29460580912863
2019-07-05,2019-07-05 08:19:00,"1","CT",42.2,44.2,45.2,68.4,67.8,69.9,5.32217573221758,3.11297071129707,4.51882845188285,-0.200836820083678,-2.2092050209205,-0.803347280334725
2019-07-05,2019-07-05 08:27:00,"2","PN",42.1,44.3,43.2,68.2,65.9,67.2,1.00348432055749,2.10731707317074,1.40487804878049,-0.80278745644599,0.903135888501741,-4.21463414634146
2019-07-05,2019-07-05 08:23:00,"3","RM",44.4,46.3,44.3,67,67.3,67.4,2.70940766550523,2.80975609756097,1.10383275261325,0.80278745644599,-0.702439024390247,-0.501742160278746
2019-07-05,2019-07-05 08:20:00,"4","CT",45.9,45,46,67.2,65.8,68.5,1.20502092050209,3.81589958158996,3.61506276150627,-0.200836820083685,0,0.602510460251047
2019-07-05,2019-07-05 08:28:00,"5","PN",47.4,47.3,46.6,70.3,64.6,67,3.31149825783972,1.40487804878048,2.00696864111498,0.70243902439024,-0.301045296167252,0.802787456445997
2019-07-05,2019-07-05 08:24:00,"6","RM",48.7,43.1,45.6,71,65.4,65,3.11297071129707,3.4142259414226,2.00836820083682,2.30962343096235,0.70292887029289,0.100418410041842
2019-07-05,2019-07-05 08:21:00,"7","CT",46.6,46.4,49.2,69.2,62.6,64.1,4.71966527196653,2.20920502092051,1.60669456066945,1.50627615062762,1.10460251046025,1.00418410041841
2019-07-05,2019-07-05 08:30:00,"8","PN",41.6,44.6,46.4,68.3,67.8,69.7,2.40836236933797,5.3184668989547,3.01045296167247,-0.80278745644599,0.501742160278746,1.30452961672474
2019-07-05,2019-07-05 08:26:00,"9","RM",44.5,48.2,43.9,69.1,65.6,66.8,2.40836236933797,0.80278745644599,2.40836236933797,-1.80627177700348,0,-3.21114982578397
2019-07-06,2019-07-06 08:47:00,"1","CT",42.3,45.3,45.7,72.1,72.4,72.7,3.62942779291552,4.51226158038148,2.74659400544959,0.0980926430517655,1.07901907356948,0.490463215258856
2019-07-06,2019-07-06 08:55:00,"2","PN",43.8,47,43.9,69.2,67.2,70.1,0.980926430517711,1.27520435967302,2.84468664850135,1.6675749318801,2.64850136239782,0.686648501362394
2019-07-06,2019-07-06 08:51:00,"3","RM",41.7,46.9,44.6,71.3,69.8,68,4.21798365122616,2.45231607629428,0.588555858310621,-2.64850136239782,0.588555858310628,0.294277929155318
2019-07-06,2019-07-06 08:48:00,"4","CT",45.2,44.5,46.2,70.2,70.4,71.6,2.94277929155313,4.51226158038148,3.0408719346049,-0.686648501362394,-0.490463215258856,0.196185286103545
2019-07-06,2019-07-06 08:56:00,"5","PN",46.3,42.8,46,72.3,65.5,68.2,1.96185286103542,0.882833787465946,1.17711171662126,-1.07901907356948,-4.4141689373297,-0.588555858310628
2019-07-06,2019-07-06 08:52:00,"6","RM",48.3,43.4,41.9,72.9,67.2,67.2,1.86376021798366,1.76566757493188,2.15803814713897,-0.39237057220709,0.294277929155311,-3.62942779291553
2019-07-06,2019-07-06 08:49:00,"7","CT",45.2,46.9,48.2,72.2,64,64.4,2.94277929155313,1.37329700272479,0.294277929155325,-1.37329700272479,0.490463215258856,-0.980926430517711
2019-07-06,2019-07-06 08:58:00,"8","PN",41.7,43.2,45,69.2,71.1,70.5,0.882833787465946,3.23705722070844,0.784741144414166,0.0980926430517725,-1.37329700272479,-1.37329700272479
2019-07-06,2019-07-06 08:54:00,"9","RM",45,48.7,45.3,71.3,66,71.2,2.15803814713897,0.39237057220709,4.31607629427794,0.490463215258856,0.490463215258856,1.37329700272479
2019-07-07,2019-07-07 08:28:00,"1","CT",44.4,45.6,45.9,74.9,75.6,74.7,2.83743842364533,3.24278676988035,2.02674173117523,2.12807881773399,0.304011259676289,0.202674173117519
2019-07-07,2019-07-07 08:36:00,"2","PN",42.8,41.6,43,72.1,68.8,72.8,2.93877551020407,1.62139338494018,2.73610133708656,-1.01337086558761,-5.47220267417312,-0.912033779028851
2019-07-07,2019-07-07 08:32:00,"3","RM",42.9,47.3,41.6,75.3,69.3,71.1,4.05348346235046,-0.506685432793807,3.1414496833216,1.21604503870513,0.405348346235044,-3.04011259676284
2019-07-07,2019-07-07 08:29:00,"4","CT",44.9,44.2,46.7,73.4,72.6,73.5,3.24278676988037,2.22941590429274,1.92540464461647,-0.304011259676289,-0.304011259676281,0.506685432793807
2019-07-07,2019-07-07 08:37:00,"5","PN",47.4,44.2,46.9,72.8,68.2,69.1,0.506685432793807,2.73610133708656,0.912033779028844,1.11470795214638,1.41871921182267,0.912033779028851
2019-07-07,2019-07-07 08:33:00,"6","RM",48.8,44.1,44.2,74.1,68.7,69,1.21604503870513,1.52005629838142,1.8240675580577,0.506685432793807,0.709359605911333,2.33075299085152
2019-07-07,2019-07-07 08:30:00,"7","CT",47.8,48,45.3,74,65,68.1,1.8240675580577,1.01337086558761,3.74947220267416,2.63476425052779,1.11470795214638,-2.93877551020409
2019-07-07,2019-07-07 08:39:00,"8","PN",42.6,44.5,40.4,71.3,73.4,71.4,2.12807881773398,2.33075299085152,0.912033779028859,0.912033779028851,1.3173821252639,-4.66150598170303
2019-07-07,2019-07-07 08:35:00,"9","RM",45.2,43.4,45.8,75,69.6,74.4,3.74947220267418,3.64813511611541,3.24278676988037,0.202674173117526,-5.37086558761436,0.506685432793807
2019-07-08,2019-07-08 08:22:00,"1","CT",43.8,44.7,44.6,76.1,77.9,75.6,1.20502092050208,2.30962343096235,0.903765690376561,-0.602510460251047,-0.903765690376568,-1.30543933054393
2019-07-08,2019-07-08 08:28:00,"2","PN",43.6,42.8,42.3,74.9,71.2,75.1,2.81564245810057,2.41340782122906,2.31284916201117,0.804469273743021,1.20670391061452,-0.703910614525142
2019-07-08,2019-07-08 08:25:00,"3","RM",42.5,43.8,42.9,78.8,71.3,74.3,3.51709699930216,2.00976971388695,3.21563154221912,-0.401953942777389,-3.51709699930216,1.30635031402651
2019-07-08,2019-07-08 08:23:00,"4","CT",43.5,43,45.9,75.2,74.4,74.3,1.80753138075314,1.80753138075315,0.803347280334725,-1.40585774058577,-1.20502092050209,-0.803347280334732
2019-07-08,2019-07-08 08:29:00,"5","PN",46.7,42.8,40.6,73.5,71.2,70.8,0.703910614525142,3.01675977653631,1.70949720670391,-0.703910614525135,-1.40782122905028,-6.33519553072625
2019-07-08,2019-07-08 08:26:00,"6","RM",47.7,44.9,44.1,74.8,71.5,73,0.703419399860436,2.81367759944173,4.0195394277739,-1.10537334263782,0.803907885554777,-0.100488485694349
2019-07-08,2019-07-08 08:24:00,"7","CT",46.3,42.2,46.2,75.2,67.2,69,1.20502092050209,2.20920502092051,0.903765690376575,-1.50627615062762,-5.82426778242678,0.903765690376575
2019-07-08,2019-07-08 08:30:00,"8","PN",43.5,44.9,42,73.9,75,74.9,2.61635220125787,1.61006289308176,3.52201257861635,0.905660377358489,0.402515723270439,1.61006289308176
2019-07-08,2019-07-08 08:27:00,"9","RM",45.2,43,45.1,77.5,71.5,76.6,2.51396648044693,1.91061452513967,2.21229050279328,0,-0.402234636871507,-0.703910614525135
2019-07-09,2019-07-09 08:22:00,"1","CT",44.8,44.8,47.3,77.2,79.2,76,1.10000000000001,1.3,0.400000000000006,1,0.0999999999999943,2.7
2019-07-09,2019-07-09 08:28:00,"2","PN",43.1,43.1,42,76.5,73,76.1,1.59999999999999,1.8,1,-0.5,0.300000000000004,-0.299999999999997
2019-07-09,2019-07-09 08:25:00,"3","RM",42.5,42.8,41,80.4,75,76.6,1.60000000000001,3.7,2.3,0,-1,-1.9
2019-07-09,2019-07-09 08:23:00,"4","CT",44.7,45.2,46.2,76.8,75.7,74.9,1.59999999999999,1.3,0.600000000000009,1.2,2.2,0.300000000000004
2019-07-09,2019-07-09 08:29:00,"5","PN",42.4,42.9,40.2,75.6,72.8,74,2.09999999999999,1.59999999999999,3.2,-4.3,0.100000000000001,-0.399999999999999
2019-07-09,2019-07-09 08:26:00,"6","RM",46.8,44.5,43.8,74.9,74.6,76.2,0.100000000000009,3.09999999999999,3.2,-0.900000000000006,-0.399999999999999,-0.300000000000004
2019-07-09,2019-07-09 08:24:00,"7","CT",46.3,44.9,42,75.8,70.2,72.6,0.599999999999994,3,3.59999999999999,0,2.7,-4.2
2019-07-09,2019-07-09 08:31:00,"8","PN",42.7,45.4,39.9,77.9,75.5,76.6,3.99722414989591,0.499653018736988,1.69882026370575,-0.799444829979178,0.499653018736988,-2.09854267869535
2019-07-09,2019-07-09 08:28:00,"9","RM",45.3,42.6,45.7,79.3,73.5,77.8,1.79875086745315,1.99861207494795,1.19916724496877,0.099930603747392,-0.399722414989589,0.599583622484387
2019-07-10,2019-07-10 08:22:00,"1","CT",45.1,44.6,42.6,78,79.6,76.8,0.799999999999997,0.399999999999991,0.799999999999997,0.300000000000004,-0.199999999999996,-4.7
2019-07-10,2019-07-10 08:28:00,"2","PN",42.9,42.1,42,77.4,74.1,76.4,0.900000000000006,1.09999999999999,0.300000000000011,-0.200000000000003,-1,0
2019-07-10,2019-07-10 08:25:00,"3","RM",43,43.4,40.9,81.5,77.1,77.5,1.09999999999999,2.09999999999999,0.900000000000006,0.5,0.600000000000001,-0.100000000000001
2019-07-10,2019-07-10 08:23:00,"4","CT",44.5,44.5,41.2,76.8,76.2,76.6,0,0.5,1.69999999999999,-0.200000000000003,-0.700000000000003,-5
2019-07-10,2019-07-10 08:29:00,"5","PN",41.3,42,40.8,77.1,74,76,1.5,1.2,2,-1.1,-0.899999999999999,0.599999999999994
2019-07-10,2019-07-10 08:26:00,"6","RM",39.6,43.2,43.8,76.6,75.9,77.5,1.69999999999999,1.30000000000001,1.3,-7.2,-1.3,0
2019-07-10,2019-07-10 08:24:00,"7","CT",41.7,44.5,41.1,77.2,72.1,75,1.40000000000001,1.89999999999999,2.40000000000001,-4.59999999999999,-0.399999999999999,-0.899999999999999
2019-07-10,2019-07-10 08:31:00,"8","PN",43.5,41.2,41.2,79.6,76.2,78.6,1.69999999999999,0.700000000000003,2,0.799999999999997,-4.2,1.3
2019-07-10,2019-07-10 08:28:00,"9","RM",44.3,42.7,46.2,80.1,77.1,78,0.799999999999997,3.59999999999999,0.200000000000003,-1,0.100000000000001,0.5
2019-07-11,2019-07-11 08:15:00,"1","CT",44.4,44.9,39.7,79.9,79.8,78.9,1.90928122819261,0.200976971388698,2.11025819958131,-0.703419399860436,0.30146545708304,-2.91416608513608
2019-07-11,2019-07-11 08:23:00,"2","PN",42.3,42.3,42.5,77.5,74.8,77.5,0.100348432055743,0.702439024390247,1.10383275261323,-0.602090592334496,0.200696864111494,0.501742160278746
2019-07-11,2019-07-11 08:19:00,"3","RM",41.9,44.7,40.8,82.1,78.1,77.9,0.60251046025104,1.00418410041841,0.40167364016737,-1.10460251046025,1.30543933054394,-0.100418410041842
2019-07-11,2019-07-11 08:16:00,"4","CT",39.2,44.7,39.8,77.8,76.8,78.3,1.00488485694348,0.602930914166079,1.70830425680391,-5.32588974180042,0.200976971388698,-1.40683879972087
2019-07-11,2019-07-11 08:24:00,"5","PN",40.9,43.5,39.3,78,74.1,77,0.903135888501748,0.100348432055743,1.00348432055749,-0.401393728222995,1.50522648083624,-1.50522648083624
2019-07-11,2019-07-11 08:20:00,"6","RM",38,44.4,43.4,78.9,76.4,78.3,2.30962343096235,0.502092050209205,0.803347280334725,-1.60669456066946,1.20502092050209,-0.401673640167363
2019-07-11,2019-07-11 08:17:00,"7","CT",40.8,45.7,41.9,79.9,73.2,76.2,2.71318911374739,1.10537334263783,1.20586182833217,-0.904396371249133,1.20586182833217,0.803907885554777
2019-07-11,2019-07-11 08:26:00,"8","PN",42.8,40.5,41.8,80.7,76.8,80.7,1.10383275261325,0.602090592334489,2.10731707317074,-0.702439024390247,-0.702439024390247,0.602090592334489
2019-07-11,2019-07-11 08:22:00,"9","RM",44.2,43.1,46.3,80.3,79.9,78.2,0.200836820083685,2.81171548117156,0.200836820083685,-0.100418410041835,0.401673640167363,0.100418410041835
2019-07-12,2019-07-12 08:29:00,"1","CT",40.6,43.8,39.5,80.2,80,80.3,0.29711141678129,0.198074277854198,1.38651994497936,-3.76341127922971,-1.08940852819808,-0.198074277854198
2019-07-12,2019-07-12 08:37:00,"2","PN",43.8,41,39.9,77.6,74.8,77.7,0.099037138927092,0,0.198074277854198,1.48555708390646,-1.28748280605227,-2.57496561210454
2019-07-12,2019-07-12 08:33:00,"3","RM",42.6,44,39.5,82.1,79.1,78.3,0,0.990371389270977,0.396148555708382,0.693259972489687,-0.693259972489687,-1.28748280605227
2019-07-12,2019-07-12 08:30:00,"4","CT",38.8,39.3,40.5,79.1,77,79.4,1.28748280605227,0.198074277854198,1.08940852819808,-0.396148555708396,-5.34800550206328,0.693259972489687
2019-07-12,2019-07-12 08:38:00,"5","PN",41.5,43.7,40.6,78.3,75.1,77,0.29711141678129,0.990371389270977,0,0.594222833562587,0.198074277854198,1.28748280605227
2019-07-12,2019-07-12 08:34:00,"6","RM",38.2,44.5,43.6,80.4,76.5,78.7,1.48555708390646,0.099037138927092,0.396148555708396,0.198074277854198,0.0990371389270991,0.198074277854198
2019-07-12,2019-07-12 08:31:00,"7","CT",40.2,45.1,40.5,80.9,73.8,76.8,0.990371389270977,0.59422283356258,0.59422283356258,-0.59422283356258,-0.594222833562587,-1.38651994497937
2019-07-12,2019-07-12 08:40:00,"8","PN",44.1,40.8,41.8,81,77.2,81.6,0.29711141678129,0.396148555708396,0.891334250343871,1.28748280605227,0.29711141678129,0
2019-07-12,2019-07-12 08:36:00,"9","RM",45.2,42.7,46.9,80.4,81.2,78.3,0.0990371389271061,1.28748280605227,0.099037138927092,0.990371389270977,-0.396148555708389,0.594222833562587
2019-07-16,2019-07-16 08:24:00,"1","CT",40.7,45.6,40.7,82.4,80.9,82.6,0.550477845351869,0.225195482189402,0.575499565595134,0.0250217202432671,0.450390964378802,0.300260642919201
2019-07-16,2019-07-16 08:33:00,"2","PN",37.1,36.7,38.9,83,78.2,79.7,1.35093815149409,0.850590687977764,0.500347463516331,-1.67616400277971,-1.07574704656011,-0.250173731758165
2019-07-16,2019-07-16 08:28:00,"3","RM",41.9,40.2,37.2,83.5,81,81.7,0.350304083405736,0.475412684622069,0.85073848827107,-0.175152041702868,-0.950825369244135,-0.575499565595134
2019-07-16,2019-07-16 08:25:00,"4","CT",38.7,39.1,39.5,82.1,81.6,81.8,0.750651607298002,1.15099913119027,0.600521285838399,-0.0250217202432653,-0.0500434404865324,-0.250217202432667
2019-07-16,2019-07-16 08:34:00,"5","PN",38.9,42.2,39.3,80.6,78.3,79.1,0.57539958304378,0.80055594162613,0.525364836692146,-0.65045170257123,-0.375260597637248,-0.325225851285616
2019-07-16,2019-07-16 08:30:00,"6","RM",37.7,38.7,37.4,83.5,78.8,80.9,0.775538568450311,0.57539958304378,0.550382209867965,-0.125086865879083,-1.45100764419736,-1.55107713690063
2019-07-16,2019-07-16 08:27:00,"7","CT",41.1,43.4,38.7,83.1,78.3,78,0.550382209867961,1.12578179291174,0.300208478109799,0.225156358582349,-0.425295343988882,-0.450312717164697
2019-07-16,2019-07-16 08:36:00,"8","PN",37,40,40.9,83.1,79.2,83.6,0.525364836692146,0.500347463516331,0.500347463516331,-1.77623349548297,-0.200138985406532,-0.225156358582349
2019-07-16,2019-07-16 08:32:00,"9","RM",39.3,42.5,41,84,83.8,80.9,0.900625434329394,0.650451702571229,0.650451702571232,-1.47602501737318,-0.0500347463516338,-1.47602501737318
2019-07-23,2019-07-23 08:41:00,"1","CT",40.7,40.7,39.8,83.1,84,83.5,0.0998316331583623,0.442111518272754,0.128354956917897,0,-0.698821432108547,-0.128354956917897
2019-07-23,2019-07-23 08:50:00,"2","PN",37.2,37.2,35.3,86.6,82.8,82,0.513419827671585,0.656036446469248,0.328018223234624,0.0142616618797665,0.0713083093988313,-0.513419827671586
2019-07-23,2019-07-23 08:45:00,"3","RM",37.7,37.6,36,87,84.7,84.6,0.499158165791819,0.527681489551352,0.413588194513221,-0.598989798950183,-0.370803208873923,-0.171139942557196
2019-07-23,2019-07-23 08:42:00,"4","CT",39,39.8,39.7,83.9,84.6,83,0.256709913835794,0.427849856392988,0.171139942557196,0.0427849856392984,0.0998316331583633,0.0285233237595329
2019-07-23,2019-07-23 08:51:00,"5","PN",40.1,37.7,38.5,84.6,80,82.3,0.570466475190651,0.242448251956027,0.456373180152521,0.171139942557196,-0.641774784589482,-0.11409329503813
2019-07-23,2019-07-23 08:47:00,"6","RM",39.4,39.3,37.4,85.7,82.5,84,0.313756561354858,0.527681489551352,0.442111518272754,0.242448251956026,0.0855699712785968,0
2019-07-23,2019-07-23 08:44:00,"7","CT",41.3,42.4,39.1,84.9,82.6,78.6,0.256709913835794,0.613251460829949,0.0855699712785968,0.0285233237595319,-0.142616618797663,0.0570466475190649
2019-07-23,2019-07-23 08:53:00,"8","PN",36,39.9,38.8,88.2,79.6,85.6,0.727344755868081,0.0570466475190639,0.285233237595325,-0.142616618797663,-0.0142616618797665,-0.299494899475092
2019-07-23,2019-07-23 08:49:00,"9","RM",39.5,41.5,37.7,87.6,85,83.5,0.513419827671585,0.171139942557196,0.370803208873922,0.0285233237595329,-0.142616618797663,-0.470634842032286
2019-07-29,2019-07-29 07:34:00,"1","CT",35.4,39.3,35.2,83.5,83.6,84.9,0.0671876822582536,-0.0671876822582536,0.235156887903885,-0.890236789921849,-0.235156887903885,-0.772658345969905
2019-07-29,2019-07-29 07:40:00,"2","PN",35.8,33.8,34.6,86.6,83.9,86,0,0.18483080513419,0.672112018669778,-0.235239206534423,-0.571295215869312,-0.11761960326721
2019-07-29,2019-07-29 07:37:00,"3","RM",39,36.9,33.5,86.6,85.2,84.8,-0.0671955202986477,0.0839944003733084,0.0335977601493238,0.218385440970601,-0.117592160522632,-0.419972001866542
2019-07-29,2019-07-29 07:35:00,"4","CT",37,35.7,39,83.9,83.9,82.9,0,-0.11757844395194,-0.0167969205645622,-0.335938411291263,-0.688673743147089,-0.117578443951943
2019-07-29,2019-07-29 07:41:00,"5","PN",37.2,36.7,36.7,85.5,80.8,82.9,0.151225204200701,0.134422403733955,0.100816802800468,-0.487281213535589,-0.168028004667445,-0.3024504084014
2019-07-29,2019-07-29 07:38:00,"6","RM",38.9,36.8,33.1,87.2,82.8,84.3,0.252012600630032,0.0504025201260058,0.0504025201260058,-0.0840042002100105,-0.420021001050053,-0.72243612180609
2019-07-29,2019-07-29 07:36:00,"7","CT",36.3,39.7,37.6,85.1,84,80,0.0335977601493215,0.235184321045265,0.235184321045265,-0.839944003733084,-0.453569762015865,-0.251983201119925
2019-07-29,2019-07-29 07:43:00,"8","PN",35,34.5,36.9,86.5,81.1,86.1,-0.285647607934656,0.252042007001167,0.0840140023337223,-0.168028004667445,-0.9073512252042,-0.319253208868144
2019-07-29,2019-07-29 07:40:00,"9","RM",38.9,36.9,36.9,88.9,86.9,85.6,0.218410920546029,0.319215960798041,0.352817640882043,-0.100805040252013,-0.772838641932097,-0.134406720336018
2019-08-05,2019-08-05 09:58:00,"1","CT",31.3,32.4,30.5,90.6,83.9,87.1,0.999999999999999,0.0422535211267622,0.309859154929576,-0.577464788732394,-0.971830985915493,-0.661971830985916
2019-08-05,2019-08-05 10:06:00,"2","PN",30.6,27.2,32.7,90.7,85.1,86.1,0.577351848230003,0.168981028750243,0.0140817523958529,-0.732251124584392,-0.929395658126344,-0.26755329552122
2019-08-05,2019-08-05 10:02:00,"3","RM",28,30.8,30.9,91.4,86,85,0.675990220048901,0.112665036674816,0.0281662591687046,-1.54914425427873,-0.859070904645477,-0.366161369193154
2019-08-05,2019-08-05 09:59:00,"4","CT",26.1,29.7,26.3,84.2,85.8,84.1,0.0422535211267602,0.267605633802816,0.169014084507041,-1.53521126760563,-0.845070422535212,-1.7887323943662
2019-08-05,2019-08-05 10:07:00,"5","PN",35.9,30,29,86.2,84.8,84.9,0.0985722667709763,0.563270095834148,0.281635047917074,-0.183062781146099,-0.943477410522199,-1.08429493448074
2019-08-05,2019-08-05 10:03:00,"6","RM",36.7,31.8,28.4,87.1,84.2,85.6,-0.0140831295843533,0.19716381418093,0.183080684596577,-0.309828850855745,-0.704156479217603,-0.661907090464548
2019-08-05,2019-08-05 10:00:00,"7","CT",30.5,30.4,30.3,88.3,89.2,84.6,0.450704225352113,0.732394366197183,0.647887323943661,-0.816901408450704,-1.30985915492958,-1.02816901408451
2019-08-05,2019-08-05 10:09:00,"8","PN",31,30.7,31.3,88.4,82.5,87.8,0.267553295521221,0.197144533541953,0.239389790729513,-0.563270095834148,-0.535106591042441,-0.788578134167807
2019-08-05,2019-08-05 10:05:00,"9","RM",31.1,33.5,30.6,90.7,86,86.2,0.253496332518337,-0.12674816625917,0.0844987775061137,-1.09848410757946,-0.47882640586797,-0.887237163814181
2019-08-11,2019-08-11 09:44:00,"1","CT",29.7,28.5,29.3,93.4,87.8,91.8,0.467424066774869,0.651054950150706,0.784604683514955,-0.267099466728495,-0.651054950150707,-0.200324600046371
2019-08-11,2019-08-11 09:52:00,"2","PN",30,23.4,28.7,95,89.1,91,0.71782981683283,0.667748666821238,0.817992116856018,-0.100162300023186,-0.634361233480176,-0.667748666821239
2019-08-11,2019-08-11 09:48:00,"3","RM",26.9,27.7,27.7,94.6,88.7,89,0.534198933456989,0.450730350104336,0.667748666821238,-0.183630883375841,-0.51750521678646,-0.53419893345699
2019-08-11,2019-08-11 09:45:00,"4","CT",26.2,25.9,29.5,89,90,88.5,0.801298400185485,0.7011361001623,0.734523533503363,0.0166937166705306,-0.634361233480176,0.53419893345699
2019-08-11,2019-08-11 09:53:00,"5","PN",30.2,30.5,31.3,91.8,88.6,90.9,0.934848133549732,0.634361233480176,1.00162300023186,-0.951541850220264,0.0834685833526548,0.383955483422212
2019-08-11,2019-08-11 09:49:00,"6","RM",29.2,27,26.5,92.5,88.9,88.7,0.901460700208672,0.784604683514955,0.517505216786461,-1.25202875028982,-0.801298400185486,-0.317180616740088
2019-08-11,2019-08-11 09:46:00,"7","CT",29.1,28.1,30.2,93.1,96.1,88.4,0.801298400185485,1.15186645026663,0.634361233480178,-0.233712033387433,-0.383955483422211,-0.0166937166705312
2019-08-11,2019-08-11 09:55:00,"8","PN",27.9,25.5,28,92.3,85.9,89.3,0.651054950150706,0.567586366798053,0.250405750057964,-0.51750521678646,-0.868073266867609,-0.550892650127522
2019-08-11,2019-08-11 09:51:00,"9","RM",27.4,25.4,30,97.1,86.1,88.3,1.06839786691398,0.01669371667053,0.350568050081149,-0.617667516809646,-1.35219105031301,-0.100162300023186
2019-08-20,2019-08-20 09:15:00,"1","CT",25.2,27.5,26.4,96.8,87.8,95.7,0.378625009666691,0,0.434305158147089,-0.501121336323563,-0.111360296960792,-0.322944861186297
2019-08-20,2019-08-20 09:24:00,"2","PN",22.9,23.9,25.3,101.8,97.8,94.8,0.757191463037426,0.968759665944943,0.423136405815032,-0.790596968759666,0.055675842870399,-0.378595731518713
2019-08-20,2019-08-20 09:19:00,"3","RM",23.9,26.7,24.7,99,92.3,90.8,0.489985306627485,0.40089706905885,0.200448534529425,-0.334080890882376,-0.111360296960792,-0.334080890882376
2019-08-20,2019-08-20 09:16:00,"4","CT",23.2,25.2,25.1,94.4,94,94.2,0.601345603588277,0.445441187843168,0.634753692676514,-0.334080890882376,-0.0779522078725542,-0.489985306627484
2019-08-20,2019-08-20 09:25:00,"5","PN",26,26.3,27.7,91.8,92.1,97.5,0,0.389730900092793,0.734921125889266,-0.467677080111352,-0.467677080111352,-0.400866068666873
2019-08-20,2019-08-20 09:21:00,"6","RM",26.5,26.1,25.3,94.6,90.2,92.4,0.233838540055675,0.144757191463037,0.412001237240953,-0.300649551500155,-0.100216517166718,-0.133622022888958
2019-08-20,2019-08-20 09:18:00,"7","CT",23.7,27.6,27.1,96,96.7,93.8,0.322919888648315,0.0668110114444798,0.601299103000308,-0.60129910300031,-0.055675842870399,-0.345190225796474
2019-08-20,2019-08-20 09:27:00,"8","PN",26.9,26,23.8,99.3,87.6,91.5,0.779461800185586,0.189297865759355,0.244973708629756,-0.111351685740798,0.055675842870399,-0.467677080111352
2019-08-20,2019-08-20 09:23:00,"9","RM",25.5,25.9,26.8,107.4,88.9,88.3,1.14692236313022,0.311784720074236,0,-0.211568202907516,0.055675842870399,-0.356325394370554
2019-08-27,2019-08-27 08:45:00,"1","CT",24.8,27.1,24.4,96.4,90.5,96.5,-0.0573134328358197,0.386865671641791,0.114626865671641,-0.0573134328358207,-0.0573134328358207,-0.286567164179104
2019-08-27,2019-08-27 08:51:00,"2","PN",21.6,23.3,24.6,101.5,98.3,95.6,-0.0429979098238276,0.0716631830397133,0.114661092863541,-0.186324275903254,-0.0859958196476557,-0.100328456255599
2019-08-27,2019-08-27 08:48:00,"3","RM",23,26.4,24.7,98.9,92.8,91,-0.0143297840581144,0.0716489202905762,0.0286595681162309,-0.128968056523037,-0.0429893521743458,0
2019-08-27,2019-08-27 08:46:00,"4","CT",21.6,24.1,25,94.8,94.2,95.2,0.0573134328358197,0.0286567164179109,0.143283582089552,-0.229253731343283,-0.157611940298507,-0.0143283582089554
2019-08-27,2019-08-27 08:52:00,"5","PN",26.8,26.8,27.6,92.5,92.5,99,0.100328456255599,0.0573305464317715,0.21498954911914,0.114661092863541,0.0716631830397133,-0.0143326366079424
2019-08-27,2019-08-27 08:49:00,"6","RM",25.3,26,23.7,96.8,91.8,92.4,0.315286624203822,0.229299363057324,0,-0.171974522292994,-0.014331210191083,-0.229299363057325
2019-08-27,2019-08-27 08:47:00,"7","CT",26.4,28.3,25.7,97,99.1,92,0.143297840581152,0.343914817394764,-0.257936113046074,0.386904169569111,0.100308488406807,-0.200616976813614
2019-08-27,2019-08-27 08:54:00,"8","PN",24.9,27.4,21.9,99.4,88.1,93.9,0.0143326366079439,0.0716631830397133,0.343983278590625,-0.286652732158853,0.200656912511197,-0.272320095550911
2019-08-27,2019-08-27 08:51:00,"9","RM",24.9,24.5,28.3,107.4,90.7,91.3,0,0.25796178343949,0.429936305732484,-0.085987261146497,-0.200636942675159,0.214968152866242
2019-09-02,2019-09-02 09:07:00,"1","CT",23.9,28.5,25.7,96.8,90.9,96.5,0.0664973447240808,0.0664973447240831,0,-0.149619025629185,0.232740706534287,0.216116370353267
2019-09-02,2019-09-02 09:14:00,"2","PN",22.3,23.4,24.3,102.1,98.4,95.9,0.0997345030589856,0.0166224171764992,0.0498672515294951,0.116356920235484,0.0166224171764974,-0.0498672515294934
2019-09-02,2019-09-02 09:10:00,"3","RM",22.2,26.4,24.6,99.2,92.7,91,0.0498730085430612,-0.0166243361810196,0,-0.132994689448165,0,-0.0166243361810202
2019-09-02,2019-09-02 09:08:00,"4","CT",21.8,27,26.3,94.6,94.1,95.6,-0.0332486723620416,-0.016624336181022,0.0664973447240808,0.033248672362041,0.482105749249596,0.216116370353267
2019-09-02,2019-09-02 09:15:00,"5","PN",28,27.5,29.3,92.3,92.6,98.6,-0.033244834352996,0.0166224171764968,-0.0664896687059919,0.199469006117973,0.116356920235484,0.282581092000462
2019-09-02,2019-09-02 09:12:00,"6","RM",24.9,26,23.5,96.4,91.8,92.6,-0.0664896687059896,0,0.0332448343529936,-0.0664896687059914,0,-0.0332448343529954
2019-09-02,2019-09-02 09:09:00,"7","CT",27,28.1,25.6,97.2,99.2,93.9,0.0332486723620416,0.016624336181022,0.315862387439391,0.0997460170861235,-0.033248672362041,-0.0166243361810202
2019-09-02,2019-09-02 09:17:00,"8","PN",25.4,27.7,22.6,99.1,88.3,94,-0.0498672515294951,0.033244834352996,0.0166224171764968,0.0831120858824888,0.0498672515294934,0.116356920235485
2019-09-02,2019-09-02 09:13:00,"9","RM",24,25,28.1,107.2,90.6,91.2,-0.0332486723620416,-0.016624336181022,-0.0166243361810196,-0.149619025629185,0.0831216809051027,-0.033248672362041
2019-09-07,2019-09-07 09:01:00,"1","CT",20.9,26.6,24,96.8,90.8,96.5,0,-0.020016680567141,0,-0.600500417014178,-0.380316930775646,-0.340283569641368
2019-09-07,2019-09-07 09:08:00,"2","PN",20,21.2,21.7,102,98.6,95,-0.0200166805671381,0.0400333611342763,-0.180150125104255,-0.460383653044204,-0.440366972477064,-0.520433694745622
2019-09-07,2019-09-07 09:04:00,"3","RM",19.4,24.6,23.5,99.5,92.8,90.6,0.0600500417014173,0.0200166805671381,-0.0800667222685583,-0.5604670558799,-0.360300250208506,-0.220183486238532
2019-09-07,2019-09-07 09:02:00,"4","CT",17.9,21.6,23.4,94.6,94,95.4,0,-0.0200166805671381,-0.0400333611342763,-0.780650542118432,-1.08090075062552,-0.58048373644704
2019-09-07,2019-09-07 09:09:00,"5","PN",25.3,24.3,27.5,92,92.5,98.4,-0.0600500417014173,-0.0200166805671381,-0.0400333611342763,-0.54045037531276,-0.640533778148457,-0.360300250208507
2019-09-07,2019-09-07 09:06:00,"6","RM",24,25.7,20,97,92,92.4,0.120100083402835,0.0400333611342791,-0.0400333611342763,-0.180150125104253,-0.060050041701418,-0.700583819849875
2019-09-07,2019-09-07 09:03:00,"7","CT",25.1,25.3,22.6,97.8,99.6,94,0.120100083402835,0.0800667222685554,0.0200166805671381,-0.380316930775646,-0.5604670558799,-0.600500417014178
2019-09-07,2019-09-07 09:11:00,"8","PN",22.8,25.5,20.3,99.4,88,93.6,0.0600500417014201,-0.0600500417014173,-0.0800667222685583,-0.520433694745621,-0.440366972477064,-0.460383653044204
2019-09-07,2019-09-07 09:07:00,"9","RM",21.3,21.4,27.7,107.3,90.5,91.8,0.0200166805671381,-0.0200166805671381,0.120100083402835,-0.54045037531276,-0.720600500417014,-0.0800667222685576
2019-09-16,2019-09-16 08:19:00,"1","CT",15.6,23.2,19.4,96.5,90.3,96.2,-0.0334417092429165,-0.0557361820715281,-0.0334417092429165,-0.590803529958198,-0.379006038086391,-0.512772875058059
2019-09-16,2019-09-16 08:28:00,"2","PN",15.6,17.4,13,101.8,98.2,94.9,-0.0222910216718269,-0.0445820433436523,-0.0111455108359127,-0.490402476780186,-0.423529411764706,-0.969659442724458
2019-09-16,2019-09-16 08:23:00,"3","RM",15,17.1,18.8,99.3,93,89.3,-0.0222927471166502,0.0222927471166502,-0.144902856258224,-0.490440436566298,-0.835978016874371,-0.523879557241272
2019-09-16,2019-09-16 08:20:00,"4","CT",13.2,17,19.8,93.8,93.2,95.2,-0.0891778913144446,-0.0891778913144446,-0.0222944728286116,-0.523920111472364,-0.512772875058059,-0.401300510915002
2019-09-16,2019-09-16 08:29:00,"5","PN",19.1,21.4,19.2,91.8,92.2,98.2,-0.0222910216718269,-0.0334365325077396,-0.0222910216718269,-0.691021671826625,-0.323219814241486,-0.925077399380805
2019-09-16,2019-09-16 08:25:00,"6","RM",18.5,22.4,13.8,96.6,91.7,91.8,-0.0445854942333004,-0.0334391206749745,-0.0668782413499506,-0.613050545707872,-0.367830327424723,-0.691075160616147
2019-09-16,2019-09-16 08:22:00,"7","CT",20.2,18.7,17.7,97.1,99.2,93.8,-0.0780246149082749,-0.0445854942332988,-0.0222927471166502,-0.546172304357923,-0.735660654849447,-0.546172304357923
2019-09-16,2019-09-16 08:31:00,"8","PN",17.7,19,17.3,98.9,88.2,93.5,-0.0557275541795666,0.0222910216718269,-0.0111455108359127,-0.568421052631579,-0.724458204334365,-0.334365325077399
2019-09-16,2019-09-16 08:27:00,"9","RM",16.3,18.3,20.8,107.3,90.2,90.9,0,-0.0334365325077396,-0.100309597523219,-0.557275541795666,-0.345510835913312,-0.769040247678018
